# Appendix B. Spatial Schema

This Appendix provides a reference for the table schema and data used in the examples throughout this manual. 

### Sample Table Information

#### Purpose

The information on the sample tables that are used to help explain the syntax and functionality of Altibase Spatial SQL is provided here.

#### Schema

##### Table TB1

Primary Key: F1 

Initial Number of Records: 10

| Column Name | Data Type | Description  |
| ----------- | --------- | ------------ |
| F1          | INTEGER   | Identifier   |
| F2          | GEOMETRY  | Spatial data |

##### TB2 Table

Primary Key: F1 

Initial Number of Records: 10

| Column Name | Data Type | Description  |
| ----------- | --------- | ------------ |
| F1          | INTEGER   | Identifier   |
| F2          | GEOMETRY  | Spatial data |

##### TB3 Table

Pirmary Key: ID

Initial Number of Records: 0

| Column Name | Data Type | Description  |
| ----------- | --------- | ------------ |
| ID          | INTEGER   | Identifier   |
| OBJ         | GEOMETRY  | Spatial data |

### Sample Data

The results of execution of the SQL statements in the examples in this manual are based on the following initial sample data:

##### TB1 Table

```
CREATE TABLE TB1 (F1 INTEGER PRIMARY KEY, F2 GEOMETRY);
CREATE INDEX RT_IDX_TB1 ON TB1(F2) ;

INSERT INTO TB1 VALUES (100, NULL);
INSERT INTO TB1 VALUES (101, GEOMETRY'POINT(1 1)');
INSERT INTO TB1 VALUES (102, GEOMETRY'MULTIPOINT(1 1, 2 2)');
INSERT INTO TB1 VALUES (103, GEOMETRY'LINESTRING(1 1, 2 2)');
INSERT INTO TB1 VALUES (104, GEOMETRY'MULTILINESTRING((1 1, 2 2), (3 3, 4 5))');
INSERT INTO TB1 VALUES (105, GEOMETRY'POLYGON((0 0, 10 0, 10 10, 0 10, 0 0 ))');
INSERT INTO TB1 VALUES (106, GEOMETRY'POLYGON((3 5, 7 5, 7 9, 3 9, 3 5 ), ( 4 6, 4 8 , 6 8, 6 6 , 4 6 ))');
INSERT INTO TB1 VALUES (107, GEOMETRY'MULTIPOLYGON(((1 1, 2 1, 2 2, 1 2, 1 1)), ((3 3, 3 5, 5 5, 5 3, 3 3)))');
INSERT INTO TB1 VALUES (108, GEOMFROMTEXT('GEOMETRYCOLLECTION(POINT(1 1), LINESTRING(2 2, 3 3))'));
INSERT INTO TB1 VALUES (109, BOUNDARY(GEOMETRY'POINT(10 10)'));

iSQL> SELECT F1 FROM TB1 ;
F1          
--------------
100         
101         
102         
103         
104         
105         
106         
107         
108         
109         
10 rows selected.
```

##### TB2 Table

```
CREATE TABLE TB2 (F1 INTEGER PRIMARY KEY, F2 GEOMETRY);
CREATE INDEX RT_IDX_TB2 ON TB2(F2) ;

INSERT INTO TB2 VALUES (200, NULL);
INSERT INTO TB2 VALUES (201, GEOMETRY'POINT(10 10)');
INSERT INTO TB2 VALUES (202, GEOMETRY'MULTIPOINT(10 10, 20 20)');
INSERT INTO TB2 VALUES (203, GEOMETRY'LINESTRING(10 10, 20 20, 30 40)');
INSERT INTO TB2 VALUES (204, GEOMETRY'MULTILINESTRING((10 10, 20 20), (15 15, 30 15))');
INSERT INTO TB2 VALUES (205, GEOMETRY'POLYGON((2 2, 12 2, 12 12, 2 12 ))');
INSERT INTO TB2 VALUES (206, GEOMETRY'POLYGON((8 3, 9 3, 9 5, 8 5, 8 3 ),( 8.2  3.2, 8.2 4.8, 8.8 4.8 , 8.8 3.2 ,8.2 3.2 ))');
INSERT INTO TB2 VALUES (207, GEOMETRY'MULTIPOLYGON(((10 10, 10 20, 20 20, 20 15, 10 10)), ((60 60, 70 70, 80 60, 60 60)))');
INSERT INTO TB2 VALUES (208, GEOMFROMTEXT('GEOMETRYCOLLECTION( POINT(10 10), POINT(30 30), LINESTRING(15 15, 20 20))'));
INSERT INTO TB2 VALUES (209, BOUNDARY(GEOMETRY'POINT(10 10)'));

iSQL> SELECT F1 FROM TB2;
F1          
--------------
200         
201         
202         
203         
204         
205         
206         
207         
208         
209         
10 rows selected.
```

##### TB3 Table

```
CREATE TABLE TB3(ID INTEGER PRIMARY KEY, OBJ GEOMETRY);
CREATE INDEX RT_IDX_TB3 ON TB3(OBJ) ;
```

